sidechain_smiles,monomer_smiles,source,link,delta_D_corr,delta_P_corr,delta_H_corr,Ra_Water,Ra_Diiodomethane,Ra_n_Hexadecane,Ra_PTFE,RED_Water,RED_Diiodomethane,RED_n_Hexadecane,RED_PTFE
O=C1NC(=O)C(O)(C2(O)C(=O)NC(=O)NC2=O)C(=O)N1,O=C1NC(=O)C(O)(C2(OC(=O)[C@@H]3[C@H](C(=O)OC4(C5(O)C(=O)NC(=O)NC5=O)C(=O)NC(=O)NC4=O)[C@@H]4C=C[C@@H]3C4)C(=O)NC(=O)NC2=O)C(=O)N1,Sigma-Aldrich,https://www.sigmaaldrich.com/catalog/product/aldrich/s432296,25.6461,63.418,72.8163,59.92899690909234,91.21470117546842,98.35372189464921,99.97230761830998,3.366797579162491,13.03067159649549,19.670744378929843,14.28175823118714
Oc1cc(CNC(=S)/C=C/c2cc(O)c(O)c(Br)c2)cc(O)c1O,O=C([C@@H]1[C@H](C(=O)N(Cc2cc(O)c(O)c(O)c2)C(=S)/C=C/c2cc(O)c(O)c(Br)c2)[C@@H]2C=C[C@@H]1C2)N(Cc1cc(O)c(O)c(O)c1)C(=S)/C=C/c1cc(O)c(O)c(Br)c1,Ambeed,https://www.ambeed.com/products/1384426-12-3.html,28.6274,1.815,85.7403,52.70283115858199,83.13713569837489,89.2331352812956,91.4845426950914,2.9608332111562916,11.876733671196414,17.84662705625912,13.069220385013057
Nc1cc(S(=O)(=O)O)cc2cc(S(=O)(=O)O)cc(S(=O)(=O)O)c12,O=C(Nc1cc(S(=O)(=O)O)cc2cc(S(=O)(=O)O)cc(S(=O)(=O)O)c12)[C@@H]1[C@H](C(=O)Nc2cc(S(=O)(=O)O)cc3cc(S(=O)(=O)O)cc(S(=O)(=O)O)c23)[C@@H]2C=C[C@@H]1C2,Sigma-Aldrich,https://www.sigmaaldrich.com/catalog/product/aldrich/ph002034,29.3395,80.4534,6.4563,78.77270239270707,79.96235240567901,84.82067921356207,87.30363808141102,4.425432718691408,11.423193200811287,16.964135842712416,12.471948297344431
CSC(=NC#N)SCSc1sc(C#N)c(N)c1C#N,CSC(=NC#N)SCSc1sc(C#N)c(NC(=O)[C@@H]2[C@H](C(=O)Nc3c(C#N)sc(SCSC(=NC#N)SC)c3C#N)[C@@H]3C=C[C@@H]2C3)c1C#N,Oakwood Products,http://www.oakwoodchemical.com/ProductsList.aspx?CategoryID=-2&txtSearch=17845&ExtHyperLink=1,27.7102,76.03,2.2656,76.17552113060992,74.87353671037584,79.4132514100764,81.77357922654481,4.279523659023029,10.696219530053693,15.88265028201528,11.6819398895064
Nc1cc(C(Cl)=C(Cl)Cl)c(S(N)(=O)=O)cc1S(N)(=O)=O,NS(=O)(=O)c1cc(S(N)(=O)=O)c(C(Cl)=C(Cl)Cl)cc1NC(=O)[C@@H]1[C@H](C(=O)Nc2cc(C(Cl)=C(Cl)Cl)c(S(N)(=O)=O)cc2S(N)(=O)=O)[C@@H]2C=C[C@@H]1C2,Sigma-Aldrich,https://www.sigmaaldrich.com/catalog/product/sial/33973?utm_source=pubchem&utm_campaign=pubchem_2017&utm_medium=referral,28.4609,73.0894,9.0228,70.98247211417758,72.48587688260382,77.55656817729881,80.10677366764935,3.9877793322571673,10.355125268943402,15.511313635459762,11.443824809664193
N#CSc1cc(SC#N)c2ccccc2c1N,N#CSc1cc(SC#N)c2ccccc2c1NC(=O)[C@@H]1[C@H](C(=O)Nc2c(SC#N)cc(SC#N)c3ccccc23)[C@@H]2C=C[C@@H]1C2,Sigma-Aldrich,https://www.sigmaaldrich.com/catalog/product/aldrich/s929093,28.5522,71.4894,4.5165,72.02850882789397,70.93471282785319,75.70732265752105,78.33455217188644,4.046545439769324,10.133530403979027,15.141464531504209,11.190650310269492
CC(C)(C)c1cc(SC#N)c(N)c(SC#N)c1,CC(C)(C)c1cc(SC#N)c(NC(=O)[C@@H]2[C@H](C(=O)Nc3c(SC#N)cc(C(C)(C)C)cc3SC#N)[C@@H]3C=C[C@@H]2C3)c(SC#N)c1,Combi-Blocks,https://www.combi-blocks.com/cgi-bin/find.cgi?QB-8292,26.0011,72.8786,4.0662,71.6804785505789,70.91639588444974,75.52661574067781,77.68848927119127,4.026993176998814,10.130913697778535,15.105323148135563,11.098355610170183
CN(CCO)S(=O)(=O)c1ccc2c(c1)Cc1cc(S(=O)(=O)N(C)CCO)ccc1-2,CN(CCO)S(=O)(=O)c1ccc2c(c1)Cc1cc(S(=O)(=O)N(C)CCOC(=O)[C@@H]3[C@H](C(=O)OCCN(C)S(=O)(=O)c4ccc5c(c4)Cc4cc(S(=O)(=O)N(C)CCO)ccc4-5)[C@@H]4C=C[C@@H]3C4)ccc1-2,Sigma-Aldrich,https://www.sigmaaldrich.com/catalog/product/aldrich/r605956,30.8778,63.8156,17.8435,61.88989357698073,66.53086897801651,72.39385545037645,75.58141932360095,3.476960313313524,9.50440985400236,14.47877109007529,10.79734561765728
NCC(=O)NCC(=O)NCC(=O)NCC(=O)NCC(=O)NCC(=O)O,O=C(O)CNC(=O)CNC(=O)CNC(=O)CNC(=O)CNC(=O)CNC(=O)CNC(=O)CNC(=O)CNC(=O)CNC(=O)CNC(=O)CNC(=O)[C@H]1[C@@H](C(=O)O)[C@@H]2C=C[C@@H]1C2,Sigma-Aldrich,https://www.sigmaaldrich.com/catalog/product/sigma/g5630?utm_source=pubchem&utm_campaign=pubchem_2017&utm_medium=referral,17.9312,51.0978,51.1181,36.51379720338601,65.64078173064364,72.35114764957083,73.03086420281495,2.0513369215385397,9.377254532949092,14.470229529914167,10.432980600402136
Nc1cccc(S(=O)(=O)N2CCCN(S(=O)(=O)c3ccc4c(c3)OCCO4)CC2)c1,O=C(Nc1cccc(S(=O)(=O)N2CCCN(S(=O)(=O)c3ccc4c(c3)OCCO4)CC2)c1)[C@@H]1[C@H](C(=O)Nc2cccc(S(=O)(=O)N3CCCN(S(=O)(=O)c4ccc5c(c4)OCCO5)CC3)c2)[C@@H]2C=C[C@@H]1C2,Ambeed,https://www.ambeed.com/products/1203494-49-8.html,32.04,62.0392,11.0859,64.71641503861288,64.98060676424929,70.44678782918352,73.94526296829298,3.635753653854656,9.282943823464183,14.089357565836703,10.563608995470426
Nc1cc2oc3cc(=O)c(-c4ccc(O)cc4O)cc-3nc2cc1-c1ccc(O)cc1O,O=C(Nc1cc2oc3cc(=O)c(-c4ccc(O)cc4O)cc-3nc2cc1-c1ccc(O)cc1O)[C@@H]1[C@H](C(=O)Nc2cc3oc4cc(=O)c(-c5ccc(O)cc5O)cc-4nc3cc2-c2ccc(O)cc2O)[C@@H]2C=C[C@@H]1C2,Sigma-Aldrich,https://www.sigmaaldrich.com/catalog/product/aldrich/274720?utm_source=pubchem&utm_campaign=pubchem_2017&utm_medium=referral,33.6862,3.163,60.8223,42.78803159821681,63.80113986481746,70.13185116657053,73.96647286473784,2.403821999899821,9.11444855211678,14.026370233314106,10.566638980676833
Nc1cc(Cl)c(S(=O)(=O)Cl)cc1S(=O)(=O)Cl,O=C(Nc1cc(Cl)c(S(=O)(=O)Cl)cc1S(=O)(=O)Cl)[C@@H]1[C@H](C(=O)Nc2cc(Cl)c(S(=O)(=O)Cl)cc2S(=O)(=O)Cl)[C@@H]2C=C[C@@H]1C2,Sigma-Aldrich,https://www.sigmaaldrich.com/catalog/product/aldrich/s602078,27.8642,65.8794,5.3673,66.80922571179822,65.16606571069026,70.02732423997078,72.72355258243371,3.7533272871796752,9.309437958670037,14.005464847994157,10.389078940347673
Nc1c(S(=O)(=O)O)cc2cc(S(=O)(=O)O)cc(O)c2c1O,Nc1c(S(=O)(=O)O)cc2cc(S(=O)(=O)OC(=O)[C@@H]3[C@H](C(=O)OS(=O)(=O)c4cc(O)c5c(O)c(N)c(S(=O)(=O)O)cc5c4)[C@@H]4C=C[C@@H]3C4)cc(O)c2c1O,Sigma-Aldrich,https://www.sigmaaldrich.com/catalog/product/aldrich/ph004677,30.1105,47.5078,43.2097,42.98180843019521,62.688558253719634,69.90700162308494,73.05183964781449,2.4147083387750117,8.955508321959949,13.981400324616988,10.435977092544928
N#CSc1cc(S(N)(=O)=O)ccc1N,N#CSc1cc(S(N)(=O)=O)ccc1NC(=O)[C@@H]1[C@H](C(=O)Nc2ccc(S(N)(=O)=O)cc2SC#N)[C@@H]2C=C[C@@H]1C2,Sigma-Aldrich,https://www.sigmaaldrich.com/catalog/product/aldrich/ph008161,26.3922,65.8036,6.1957,65.25702364351288,64.24829410038838,69.10796245592833,71.54303484484007,3.666124923792858,9.178327728626911,13.821592491185665,10.220433549262866
Nc1c(S(=O)(=O)O)cc2cc(S(=O)(=O)O)cc(O)c2c1O,O=C(Nc1c(S(=O)(=O)O)cc2cc(S(=O)(=O)O)cc(O)c2c1O)[C@@H]1[C@H](C(=O)Nc2c(S(=O)(=O)O)cc3cc(S(=O)(=O)O)cc(O)c3c2O)[C@@H]2C=C[C@@H]1C2,Sigma-Aldrich,https://www.sigmaaldrich.com/catalog/product/aldrich/ph004677,29.2748,50.871,37.8141,44.66643482493314,61.45860427938468,68.49194507363622,71.53083796496446,2.5093502710636595,8.779800611340669,13.698389014727244,10.218691137852066
N#Cc1c(N)nc(SCC(N)=O)c(C#N)c1-c1ccc(OCC2CC2)cc1,N#Cc1c(NC(=O)[C@@H]2[C@H](C(=O)Nc3nc(SCC(N)=O)c(C#N)c(-c4ccc(OCC5CC5)cc4)c3C#N)[C@@H]3C=C[C@@H]2C3)nc(SCC(N)=O)c(C#N)c1-c1ccc(OCC2CC2)cc1,Sigma-Aldrich,https://www.sigmaaldrich.com/catalog/product/sigma/sml1958?utm_source=pubchem&utm_campaign=pubchem_2017&utm_medium=referral,29.6993,60.6438,12.9431,60.509312820507226,61.98089978380436,67.55264079227399,70.71844962956979,3.3993995966577093,8.854414254829194,13.510528158454798,10.102635661367113
COC(=O)C1=C(C(=O)OC)SC(=C2C(=S)C(C)(C)Nc3cc(OC)ccc32)S1,COC(=O)C1=C(C(=O)OC)SC(=C2C(=S)C(C)(C)N(C(=O)[C@@H]3[C@H](C(=O)N4c5cc(OC)ccc5C(=C5SC(C(=O)OC)=C(C(=O)OC)S5)C(=S)C4(C)C)[C@@H]4C=C[C@@H]3C4)c3cc(OC)ccc32)S1,Combi-Blocks,https://www.combi-blocks.com/cgi-bin/find.cgi?QY-9632,28.3568,62.6708,7.0615,63.883524322394734,62.4678262776127,67.52006857112927,70.41331905151183,3.5889620405839735,8.9239751825161,13.504013714225854,10.059045578787405
Cc1cc(N=Nc2c(S(=O)(=O)O)cc3cc(S(=O)(=O)O)cc(N)c3c2O)ccc1O,Cc1cc(N=Nc2c(S(=O)(=O)OC(=O)[C@@H]3[C@H](C(=O)OS(=O)(=O)c4cc5cc(S(=O)(=O)O)cc(N)c5c(O)c4N=Nc4ccc(O)c(C)c4)[C@@H]4C=C[C@@H]3C4)cc3cc(S(=O)(=O)O)cc(N)c3c2O)ccc1O,Sigma-Aldrich,https://www.sigmaaldrich.com/catalog/product/aldrich/s984191,32.0599,45.8672,38.1743,44.788304147065,60.35092997104518,67.48759151407019,71.13578655198802,2.5161968621946627,8.621561424435026,13.497518302814038,10.162255221712574
O=C1c2cc(S(=O)(=O)NCCCO)ccc2-c2ccc(S(=O)(=O)NCCCO)cc21,O=C1c2cc(S(=O)(=O)NCCCO)ccc2-c2ccc(S(=O)(=O)NCCCOC(=O)[C@@H]3[C@H](C(=O)OCCCNS(=O)(=O)c4ccc5c(c4)C(=O)c4cc(S(=O)(=O)NCCCO)ccc4-5)[C@@H]4C=C[C@@H]3C4)cc21,Sigma-Aldrich,https://www.sigmaaldrich.com/catalog/product/aldrich/r293636,29.7316,59.2048,16.7789,57.68999083454599,61.28039492766018,67.14440663592165,70.33520755987004,3.2410107210419095,8.754342132522883,13.428881327184332,10.047886794267148
Cc1cc(N=Nc2c(S(=O)(=O)O)cc3cc(S(=O)(=O)O)cc(N)c3c2O)ccc1O,Cc1cc(N=Nc2c(S(=O)(=O)O)cc3cc(S(=O)(=O)O)cc(NC(=O)[C@@H]4[C@H](C(=O)Nc5cc(S(=O)(=O)O)cc6cc(S(=O)(=O)O)c(N=Nc7ccc(O)c(C)c7)c(O)c56)[C@@H]5C=C[C@@H]4C5)c3c2O)ccc1O,Sigma-Aldrich,https://www.sigmaaldrich.com/catalog/product/aldrich/s984191,31.2977,49.2304,32.7787,46.831441778040535,59.3946484037914,66.31590668165519,69.86825630434754,2.6309798751708167,8.4849497719702,13.263181336331039,9.981179472049648
CNS(=O)(=O)c1cc(S(N)(=O)=O)c(Cl)cc1N,CNS(=O)(=O)c1cc(S(N)(=O)=O)c(Cl)cc1NC(=O)[C@@H]1[C@H](C(=O)Nc2cc(Cl)c(S(N)(=O)=O)cc2S(=O)(=O)NC)[C@@H]2C=C[C@@H]1C2,Sigma-Aldrich,https://www.sigmaaldrich.com/catalog/product/aldrich/ph005933,26.7269,59.895,17.9983,54.968325264010005,60.08665161522982,65.92594938512453,68.54462431387309,3.0881081608994383,8.58380737360426,13.185189877024905,9.792089187696154
N#CCCN(CCC#N)S(=O)(=O)c1ccc(N)cc1,N#CCCN(CCC#N)S(=O)(=O)c1ccc(NC(=O)[C@@H]2[C@H](C(=O)Nc3ccc(S(=O)(=O)N(CCC#N)CCC#N)cc3)[C@@H]3C=C[C@@H]2C3)cc1,Sigma-Aldrich,https://www.sigmaaldrich.com/catalog/product/aldrich/s195073,24.5508,63.3392,7.0631,61.72768342332312,60.973395680493304,65.8334598878868,67.99637843892864,3.4678473833327597,8.71048509721333,13.166691977577361,9.713768348418379
COc1ccc2c(c1)N(C)/C(=C1\SC(=S)N(N)C1=O)S2,COc1ccc2c(c1)N(C)/C(=C1\SC(=S)N(NC(=O)[C@@H]3[C@H](C(=O)NN4C(=O)/C(=C5\Sc6ccc(OC)cc6N5C)SC4=S)[C@@H]4C=C[C@@H]3C4)C1=O)S2,Sigma-Aldrich,https://www.sigmaaldrich.com/catalog/product/aldrich/l203440,29.2938,57.181,18.9967,54.772203038128744,59.577307975856044,65.61933195065308,68.78923001204477,3.0770900583218395,8.511043996550864,13.123866390130615,9.827032858863538
CC(C)(C)C(=O)C(=O)C(O)(O)C(=O)C(C)(C)C,CC(C)(C)C(=O)C(=O)C(O)(OC(=O)[C@@H]1[C@H](C(=O)OC(O)(C(=O)C(=O)C(C)(C)C)C(=O)C(C)(C)C)[C@@H]2C=C[C@@H]1C2)C(=O)C(C)(C)C,Sigma-Aldrich,https://www.sigmaaldrich.com/catalog/product/aldrich/t275700,-13.0266,10.0586,27.6183,59.210811336190964,65.78954794714735,65.60597380643016,59.256879086651196,3.326450075066908,9.39850684959248,13.12119476128603,8.46526844095017
CCOc1ccc2c(c1)C(=C1SC(C(=O)OC)=C(C(=O)OC)S1)C(=S)C(C)(C)N2,CCOc1ccc2c(c1)C(=C1SC(C(=O)OC)=C(C(=O)OC)S1)C(=S)C(C)(C)N2C(=O)[C@@H]1[C@H](C(=O)N2c3ccc(OCC)cc3C(=C3SC(C(=O)OC)=C(C(=O)OC)S3)C(=S)C2(C)C)[C@@H]2C=C[C@@H]1C2,Combi-Blocks,https://www.combi-blocks.com/cgi-bin/find.cgi?QY-7451,28.0616,60.9906,4.7955,63.733168655339895,60.67153094203244,65.54533581308436,68.45995272310667,3.5805150929966234,8.667361563147491,13.109067162616872,9.779993246158096
Nc1ccc(S(=O)(=O)O)c2cc(S(=O)(=O)O)cc(O)c12,Nc1ccc(S(=O)(=O)O)c2cc(S(=O)(=O)O)cc(OC(=O)[C@@H]3[C@H](C(=O)Oc4cc(S(=O)(=O)O)cc5c(S(=O)(=O)O)ccc(N)c45)[C@@H]4C=C[C@@H]3C4)c12,Combi-Blocks,https://www.combi-blocks.com/cgi-bin/find.cgi?QC-7207,29.3365,58.6492,11.8761,59.24831542626338,59.75360140485258,65.27305524372213,68.46797018204937,3.328557046419291,8.536228772121797,13.054611048744425,9.781138597435625
O=S(=O)(NCCCO)c1ccc2c(c1)C(=NO)c1cc(S(=O)(=O)NCCCO)ccc1-2,O=C(OCCCNS(=O)(=O)c1ccc2c(c1)C(=NO)c1cc(S(=O)(=O)NCCCO)ccc1-2)[C@@H]1[C@H](C(=O)OCCCNS(=O)(=O)c2ccc3c(c2)C(=NO)c2cc(S(=O)(=O)NCCCO)ccc2-3)[C@@H]2C=C[C@@H]1C2,Sigma-Aldrich,https://www.sigmaaldrich.com/catalog/product/aldrich/r559032,29.9678,58.472,6.9141,62.39632721699251,59.76892411755461,64.91544184683642,68.26043678566671,3.5054116414040735,8.53841773107923,12.983088369367284,9.751490969380958
O=S(=O)(O)CCNC(CO)(CO)CO,O=C([C@@H]1[C@H](C(=O)N(CCS(=O)(=O)O)C(CO)(CO)CO)[C@@H]2C=C[C@@H]1C2)N(CCS(=O)(=O)O)C(CO)(CO)CO,Sigma-Aldrich,https://www.sigmaaldrich.com/catalog/product/vetec/v900476?utm_source=pubchem&utm_campaign=pubchem_2017&utm_medium=referral,21.3795,46.6432,43.9829,32.86505651371986,57.95831277435533,64.90985194598737,66.4185100679773,1.8463514895348234,8.279758967765046,12.981970389197475,9.488358581139613
OCCNC(CO)(CO)CO,O=C([C@@H]1[C@H](C(=O)N(CCO)C(CO)(CO)CO)[C@@H]2C=C[C@@H]1C2)N(CCO)C(CO)(CO)CO,Sigma-Aldrich,https://www.sigmaaldrich.com/catalog/product/aldrich/cds003212?utm_source=pubchem&utm_campaign=pubchem_2017&utm_medium=referral,18.852,28.4598,57.9607,21.105633289006047,57.96322658832926,64.7723226118224,65.7327268301719,1.1857097353374184,8.280460941189896,12.95446452236448,9.390389547167414
Nc1c(S(N)(=O)=O)cc(S(N)(=O)=O)c(Cl)c1Cl,NS(=O)(=O)c1cc(S(N)(=O)=O)c(NC(=O)[C@@H]2[C@H](C(=O)Nc3c(S(N)(=O)=O)cc(S(N)(=O)=O)c(Cl)c3Cl)[C@@H]3C=C[C@@H]2C3)c(Cl)c1Cl,Sigma-Aldrich,https://www.sigmaaldrich.com/catalog/product/aldrich/ph011193,27.5652,59.849,5.7425,61.97952735710397,59.26032341634662,64.20668213986765,67.07291399223683,3.481995918938425,8.465760488049517,12.84133642797353,9.581844856033834
O=S(=O)(O)CCCNC(CO)(CO)CO,O=C([C@@H]1[C@H](C(=O)N(CCCS(=O)(=O)O)C(CO)(CO)CO)[C@@H]2C=C[C@@H]1C2)N(CCCS(=O)(=O)O)C(CO)(CO)CO,Sigma-Aldrich,https://www.sigmaaldrich.com/catalog/product/vetec/v900367?utm_source=pubchem&utm_campaign=pubchem_2017&utm_medium=referral,21.3987,46.015,43.2075,32.26301951166381,56.98536082196901,63.93946549674935,65.47471120982513,1.8125291860485289,8.140765831709858,12.78789309934987,9.353530172832162
COc1ccc(S(=O)(=O)NCCCC(=O)Nc2ccc(Sc3ccc(N)cc3)cc2)cc1,COc1ccc(S(=O)(=O)NCCCC(=O)Nc2ccc(Sc3ccc(NC(=O)[C@@H]4[C@H](C(=O)Nc5ccc(Sc6ccc(NC(=O)CCCNS(=O)(=O)c7ccc(OC)cc7)cc6)cc5)[C@@H]5C=C[C@@H]4C5)cc3)cc2)cc1,Sigma-Aldrich,https://www.sigmaaldrich.com/catalog/product/sigma/b0186?utm_source=pubchem&utm_campaign=pubchem_2017&utm_medium=referral,30.4895,56.3122,10.0473,59.69966974054379,58.410703532229434,63.85436357156807,67.36376880141134,3.3539140303676285,8.34438621888992,12.770872714313615,9.623395543058763
Nc1ccc(C=Cc2ccc([N+](=O)[O-])cc2S(=O)(=O)O)c(S(=O)(=O)O)c1,O=C(Nc1ccc(C=Cc2ccc([N+](=O)[O-])cc2S(=O)(=O)O)c(S(=O)(=O)O)c1)[C@@H]1[C@H](C(=O)Nc2ccc(C=Cc3ccc([N+](=O)[O-])cc3S(=O)(=O)O)c(S(=O)(=O)O)c2)[C@@H]2C=C[C@@H]1C2,Thermo Fisher Scientific,https://www.thermofisher.com/order/catalog/product/B21467.06,28.9233,58.0436,4.0109,62.88449261407776,58.55474405485861,63.423478549587614,66.61778044433782,3.5328366637122333,8.364963436408372,12.684695709917523,9.516825777762547
Nc1cc(S(=O)(=O)O)c2cc([N+](=O)[O-])cc(S(=O)(=O)O)c2c1,O=C(Nc1cc(S(=O)(=O)O)c2cc([N+](=O)[O-])cc(S(=O)(=O)O)c2c1)[C@@H]1[C@H](C(=O)Nc2cc(S(=O)(=O)O)c3cc([N+](=O)[O-])cc(S(=O)(=O)O)c3c2)[C@@H]2C=C[C@@H]1C2,Sigma-Aldrich,http://www.sigmaaldrich.com/catalog/product/aldrich/l163023,28.072,58.4026,7.1767,60.529723488960364,58.27006663502282,63.37735120411707,66.3894739070133,3.4005462634247396,8.32429523357469,12.675470240823413,9.484210558144756
COC(=O)C1=C(C(=O)OC)SC(=C2C(=S)C(C)(C)Nc3ccccc32)S1,COC(=O)C1=C(C(=O)OC)SC(=C2C(=S)C(C)(C)N(C(=O)[C@@H]3[C@H](C(=O)N4c5ccccc5C(=C5SC(C(=O)OC)=C(C(=O)OC)S5)C(=S)C4(C)C)[C@@H]4C=C[C@@H]3C4)c3ccccc32)S1,Combi-Blocks,https://www.combi-blocks.com/cgi-bin/find.cgi?QY-3921,28.0961,58.4104,4.7883,61.97109492247172,58.27459931985805,63.17669305914959,66.20318894048836,3.4815221866557144,8.324942759979722,12.63533861182992,9.457598420069766
COC(=O)C1=C(C(=O)OC)SC(=C2C(=S)C(C)(C)Nc3ccc(C)cc32)S1,COC(=O)C1=C(C(=O)OC)SC(=C2C(=S)C(C)(C)N(C(=O)[C@@H]3[C@H](C(=O)N4c5ccc(C)cc5C(=C5SC(C(=O)OC)=C(C(=O)OC)S5)C(=S)C4(C)C)[C@@H]4C=C[C@@H]3C4)c3ccc(C)cc32)S1,Combi-Blocks,https://www.combi-blocks.com/cgi-bin/find.cgi?QY-4115,28.0803,58.3222,3.2173,62.862404062285115,58.22134354762006,62.98358440490665,66.0154871563484,3.5315957338362423,8.317334792517151,12.59671688098133,9.430783879478343
COC(=O)C1=C(C(=O)OC)SC(=C2C(=S)C(C)(C)Nc3cc(C)c(C)cc32)S1,COC(=O)C1=C(C(=O)OC)SC(=C2C(=S)C(C)(C)N(C(=O)[C@@H]3[C@H](C(=O)N4c5cc(C)c(C)cc5C(=C5SC(C(=O)OC)=C(C(=O)OC)S5)C(=S)C4(C)C)[C@@H]4C=C[C@@H]3C4)c3cc(C)c(C)cc32)S1,Combi-Blocks,https://www.combi-blocks.com/cgi-bin/find.cgi?QY-0612,28.0646,58.234,4.0182,62.2951335168326,58.10187036473095,62.936221207504985,65.9668736554947,3.4997266020692472,8.300267194961565,12.587244241500997,9.4238390936421
Nc1cc(Cl)c(S(N)(=O)=O)cc1S(N)(=O)=O,NS(=O)(=O)c1cc(S(N)(=O)=O)c(NC(=O)[C@@H]2[C@H](C(=O)Nc3cc(Cl)c(S(N)(=O)=O)cc3S(N)(=O)=O)[C@@H]3C=C[C@@H]2C3)cc1Cl,Sigma-Aldrich,https://www.sigmaaldrich.com/catalog/product/sial/phr1192?utm_source=pubchem&utm_campaign=pubchem_2017&utm_medium=referral,26.7269,58.883,6.5341,60.18574936187137,57.81831739379831,62.807508518090415,65.55087982819148,3.3812218742624367,8.259759627685472,12.561501703618083,9.364411404027354
Nc1cc(S(=O)(=O)O)cc2cc(S(=O)(=O)O)cc(O)c12,Nc1cc(S(=O)(=O)OC(=O)[C@@H]2[C@H](C(=O)OS(=O)(=O)c3cc(N)c4c(O)cc(S(=O)(=O)O)cc4c3)[C@@H]3C=C[C@@H]2C3)cc2cc(S(=O)(=O)O)cc(O)c12,Sigma-Aldrich,https://www.sigmaaldrich.com/catalog/product/aldrich/528765?utm_source=pubchem&utm_campaign=pubchem_2017&utm_medium=referral,29.3112,49.9304,27.6909,46.12694254695405,56.046986259120125,62.74548660047191,66.05723767105312,2.5914012666828117,8.006712322731447,12.549097320094381,9.436748238721874
Nc1cc(S(=O)(=O)O)cc2cc(S(=O)(=O)O)cc(O)c12,O=C(Nc1cc(S(=O)(=O)O)cc2cc(S(=O)(=O)O)cc(O)c12)[C@@H]1[C@H](C(=O)Nc2cc(S(=O)(=O)O)cc3cc(S(=O)(=O)O)cc(O)c23)[C@@H]2C=C[C@@H]1C2,Sigma-Aldrich,https://www.sigmaaldrich.com/catalog/product/aldrich/528765?utm_source=pubchem&utm_campaign=pubchem_2017&utm_medium=referral,28.4416,53.2936,22.2953,49.60786898557526,56.3452253992297,62.66547698126936,65.79118546803971,2.7869589317738908,8.04931791417567,12.533095396253872,9.39874078114853
NCC(=O)NCC(=O)NCC(=O)NCC(=O)NCC(=O)O,O=C(O)CNC(=O)CNC(=O)CNC(=O)CNC(=O)CNC(=O)CNC(=O)CNC(=O)CNC(=O)CNC(=O)CNC(=O)[C@H]1[C@@H](C(=O)O)[C@@H]2C=C[C@@H]1C2,Sigma-Aldrich,https://www.sigmaaldrich.com/catalog/product/sigma/g5755?utm_source=pubchem&utm_campaign=pubchem_2017&utm_medium=referral,17.9065,43.526,44.8935,28.0637112166228,55.875872138607384,62.61199874824314,63.39061119164257,1.57661298969791,7.982267448372483,12.522399749648628,9.055801598806081
CCOc1cc(C2C(C#N)=C(N)SC(N)=C2C#N)ccc1O,CCOc1cc(C2C(C#N)=C(N)SC(N)=C2C#N)ccc1OC(=O)[C@@H]1[C@H](C(=O)Oc2ccc(C3C(C#N)=C(N)SC(N)=C3C#N)cc2OCC)[C@@H]2C=C[C@@H]1C2,Sigma-Aldrich,https://www.sigmaaldrich.com/catalog/product/aldrich/r112399,26.2779,59.0312,5.9844,60.29228383831549,57.681738968585194,62.59975695192434,65.25283971169377,3.3872069572087353,8.2402484240836,12.519951390384868,9.32183424452768
Cc1c(N)c(S(N)(=O)=O)cc(S(N)(=O)=O)c1Cl,Cc1c(Cl)c(S(N)(=O)=O)cc(S(N)(=O)=O)c1NC(=O)[C@@H]1[C@H](C(=O)Nc2c(S(N)(=O)=O)cc(S(N)(=O)=O)c(Cl)c2C)[C@@H]2C=C[C@@H]1C2,Sigma-Aldrich,https://www.sigmaaldrich.com/catalog/product/aldrich/ph005925,26.71,58.7948,4.9631,61.05813138845637,57.71723944065586,62.56942758768055,65.31907277855375,3.430232100475077,8.245319920093694,12.51388551753611,9.331296111221963
CCc1ccc2c(c1)C(=C1SC(C(=O)OC)=C(C(=O)OC)S1)C(=S)C(C)(C)N2,CCc1ccc2c(c1)C(=C1SC(C(=O)OC)=C(C(=O)OC)S1)C(=S)C(C)(C)N2C(=O)[C@@H]1[C@H](C(=O)N2c3ccc(CC)cc3C(=C3SC(C(=O)OC)=C(C(=O)OC)S3)C(=S)C2(C)C)[C@@H]2C=C[C@@H]1C2,Combi-Blocks,https://www.combi-blocks.com/cgi-bin/find.cgi?QZ-8323,27.6346,57.8796,3.5479,62.00500156608336,57.484653075494855,62.261772535079665,65.22886477020737,3.4834270542743457,8.212093296499265,12.452354507015933,9.318409252886767
N#CC(C#N)=C(C#N)c1ccc(N(CCO)CCO)cc1,N#CC(C#N)=C(C#N)c1ccc(N(CCO)CCOC(=O)[C@@H]2[C@H](C(=O)OCCN(CCO)c3ccc(C(C#N)=C(C#N)C#N)cc3)[C@@H]3C=C[C@@H]2C3)cc1,Sigma-Aldrich,https://www.sigmaaldrich.com/catalog/product/aldrich/572128?utm_source=pubchem&utm_campaign=pubchem_2017&utm_medium=referral,25.1126,57.7878,11.4861,55.365377060849134,56.157144310319055,61.498032465193546,63.93473920405087,3.1104144416207378,8.022449187188437,12.29960649303871,9.133534172007268
Nc1ccc(S(=O)(=O)O)cc1S(=O)(=O)O,O=C(Nc1ccc(S(=O)(=O)O)cc1S(=O)(=O)O)[C@@H]1[C@H](C(=O)Nc2ccc(S(=O)(=O)O)cc2S(=O)(=O)O)[C@@H]2C=C[C@@H]1C2,Ambeed,https://www.ambeed.com/products/137-51-9.html,25.8495,57.917,7.3257,58.3839459996496,56.394567739189206,61.423257569832614,64.02876049471831,3.2799969662724493,8.056366819884172,12.284651513966523,9.14696578495976
Cc1cc(N)c(S(N)(=O)=O)cc1S(N)(=O)=O,Cc1cc(NC(=O)[C@@H]2[C@H](C(=O)Nc3cc(C)c(S(N)(=O)=O)cc3S(N)(=O)=O)[C@@H]3C=C[C@@H]2C3)c(S(N)(=O)=O)cc1S(N)(=O)=O,Sigma-Aldrich,https://www.sigmaaldrich.com/catalog/product/aldrich/ph005921,25.8317,57.8288,5.7547,59.26367826156253,56.27089088587456,61.161261441291416,63.77344949969384,3.3294201270540746,8.03869869798208,12.232252288258284,9.110492785670548
NS(=O)(=O)c1ccc2c(c1)C(=NNc1ccccc1)c1cc(S(N)(=O)=O)ccc1-2,NS(=O)(=O)c1ccc2c(c1)C(=NN(C(=O)[C@@H]1[C@H](C(=O)N(N=C3c4cc(S(N)(=O)=O)ccc4-c4ccc(S(N)(=O)=O)cc43)c3ccccc3)[C@@H]3C=C[C@@H]1C3)c1ccccc1)c1cc(S(N)(=O)=O)ccc1-2,Sigma-Aldrich,https://www.sigmaaldrich.com/catalog/product/aldrich/r559296,30.3092,53.8738,3.906,61.52864033114985,55.9092287641316,60.849600664260734,64.482391867858,3.45666518714325,7.987032680590228,12.169920132852146,9.211770266836856
Nc1ccc(S(=O)(=O)N2CCS(=O)(=O)CC2)cc1,O=C(Nc1ccc(S(=O)(=O)N2CCS(=O)(=O)CC2)cc1)[C@@H]1[C@H](C(=O)Nc2ccc(S(=O)(=O)N3CCS(=O)(=O)CC3)cc2)[C@@H]2C=C[C@@H]1C2,Sigma-Aldrich,https://www.sigmaaldrich.com/catalog/product/aldrich/r305502,27.6425,55.8266,8.2169,57.77176644495128,55.59903378809744,60.817233891143054,63.85326881350711,3.245604856457937,7.9427191125853485,12.16344677822861,9.12189554478673
O=C(O)CNC(CO)(CO)CO,O=C(O)CN(C(=O)CN(C(=O)[C@H]1[C@@H](C(=O)O)[C@@H]2C=C[C@@H]1C2)C(CO)(CO)CO)C(CO)(CO)CO,Sigma-Aldrich,https://www.sigmaaldrich.com/catalog/product/vetec/v900412?utm_source=pubchem&utm_campaign=pubchem_2017&utm_medium=referral,18.8144,26.4062,54.4185,17.294161735394983,53.885663307878104,60.69554654280658,61.71064810978734,0.9715821199660103,7.697951901125443,12.139109308561316,8.815806872826764
