sidechain_smiles,monomer_smiles,linkage,source,compound_type,molecular_weight,delta_D,delta_P,delta_H,n_unmatched_atoms,has_si,n_si_atoms,used_2nd_order,approx_ring_correction,hsp_error,delta_D_corr,delta_P_corr,delta_H_corr,Ra_Water,RED_Water,Ra_Diiodomethane,RED_Diiodomethane,Ra_n_Hexadecane,RED_n_Hexadecane,Ra_PTFE,RED_PTFE
Nc1cc(S(=O)(=O)O)cc2cc(S(=O)(=O)O)cc(S(=O)(=O)O)c12,O=C(Nc1cc(S(=O)(=O)O)cc2cc(S(=O)(=O)O)cc(S(=O)(=O)O)c12)[C@@H]1[C@H](C(=O)Nc2cc(S(=O)(=O)O)cc3cc(S(=O)(=O)O)cc(S(=O)(=O)O)c23)[C@@H]2C=C[C@@H]1C2,amide,Sigma-Aldrich,monoamine,383.381,29.3395,80.4534,6.4563,6,False,0,True,True,,29.3395,80.4534,6.4563,78.77270239270707,4.425432718691408,79.96235240567901,11.423193200811287,84.82067921356207,16.964135842712416,87.30363808141102,12.471948297344431
CSC(=NC#N)SCSc1sc(C#N)c(N)c1C#N,CSC(=NC#N)SCSc1sc(C#N)c(NC(=O)[C@@H]2[C@H](C(=O)Nc3c(C#N)sc(SCSC(=NC#N)SC)c3C#N)[C@@H]3C=C[C@@H]2C3)c1C#N,amide,Oakwood Products,monoamine,325.469,27.7102,76.03,2.2656,2,False,0,True,True,,27.7102,76.03,2.2656,76.17552113060992,4.279523659023029,74.87353671037584,10.696219530053693,79.4132514100764,15.88265028201528,81.77357922654481,11.6819398895064
Nc1cc(C(Cl)=C(Cl)Cl)c(S(N)(=O)=O)cc1S(N)(=O)=O,NS(=O)(=O)c1cc(S(N)(=O)=O)c(C(Cl)=C(Cl)Cl)cc1NC(=O)[C@@H]1[C@H](C(=O)Nc2cc(C(Cl)=C(Cl)Cl)c(S(N)(=O)=O)cc2S(N)(=O)=O)[C@@H]2C=C[C@@H]1C2,amide,Sigma-Aldrich,monoamine,380.662,28.4609,73.0894,9.0228,4,False,0,True,True,,28.4609,73.0894,9.0228,70.98247211417758,3.9877793322571673,72.48587688260382,10.355125268943402,77.55656817729881,15.511313635459762,80.10677366764935,11.443824809664193
CC(C)(C)c1cc(SC#N)c(N)c(SC#N)c1,CC(C)(C)c1cc(SC#N)c(NC(=O)[C@@H]2[C@H](C(=O)Nc3c(SC#N)cc(C(C)(C)C)cc3SC#N)[C@@H]3C=C[C@@H]2C3)c(SC#N)c1,amide,Combi-Blocks,monoamine,263.391,26.0011,72.8786,4.0662,0,False,0,True,True,,26.0011,72.8786,4.0662,71.6804785505789,4.026993176998814,70.91639588444974,10.130913697778535,75.52661574067781,15.105323148135563,77.68848927119127,11.098355610170183
N#CSc1cc(SC#N)c2ccccc2c1N,N#CSc1cc(SC#N)c2ccccc2c1NC(=O)[C@@H]1[C@H](C(=O)Nc2c(SC#N)cc(SC#N)c3ccccc23)[C@@H]2C=C[C@@H]1C2,amide,Sigma-Aldrich,monoamine,257.343,28.5522,71.4894,4.5165,0,False,0,True,True,,28.5522,71.4894,4.5165,72.02850882789397,4.046545439769324,70.93471282785319,10.133530403979027,75.70732265752105,15.141464531504209,78.33455217188644,11.190650310269492
Nc1cc(Cl)c(S(=O)(=O)Cl)cc1S(=O)(=O)Cl,O=C(Nc1cc(Cl)c(S(=O)(=O)Cl)cc1S(=O)(=O)Cl)[C@@H]1[C@H](C(=O)Nc2cc(Cl)c(S(=O)(=O)Cl)cc2S(=O)(=O)Cl)[C@@H]2C=C[C@@H]1C2,amide,Sigma-Aldrich,monoamine,324.594,27.8642,65.8794,5.3673,0,False,0,True,True,,27.8642,65.8794,5.3673,66.80922571179822,3.7533272871796752,65.16606571069026,9.309437958670037,70.02732423997078,14.005464847994157,72.72355258243371,10.389078940347673
N#CSc1cc(S(N)(=O)=O)ccc1N,N#CSc1cc(S(N)(=O)=O)ccc1NC(=O)[C@@H]1[C@H](C(=O)Nc2ccc(S(N)(=O)=O)cc2SC#N)[C@@H]2C=C[C@@H]1C2,amide,Sigma-Aldrich,monoamine,229.286,26.3922,65.8036,6.1957,2,False,0,True,True,,26.3922,65.8036,6.1957,65.25702364351288,3.666124923792858,64.24829410038838,9.178327728626911,69.10796245592833,13.821592491185665,71.54303484484007,10.220433549262866
CN(CCO)S(=O)(=O)c1ccc2c(c1)Cc1cc(S(=O)(=O)N(C)CCO)ccc1-2,CN(CCO)S(=O)(=O)c1ccc2c(c1)Cc1cc(S(=O)(=O)N(C)CCOC(=O)[C@@H]3[C@H](C(=O)OCCN(C)S(=O)(=O)c4ccc5c(c4)Cc4cc(S(=O)(=O)N(C)CCO)ccc4-5)[C@@H]4C=C[C@@H]3C4)ccc1-2,ester,Sigma-Aldrich,diol,440.543,30.8778,63.8156,17.8435,0,False,0,True,True,,30.8778,63.8156,17.8435,61.88989357698073,3.476960313313524,66.53086897801651,9.50440985400236,72.39385545037645,14.47877109007529,75.58141932360095,10.79734561765728
O=C1NC(=O)C(O)(C2(O)C(=O)NC(=O)NC2=O)C(=O)N1,O=C1NC(=O)C(O)(C2(OC(=O)[C@@H]3[C@H](C(=O)OC4(C5(O)C(=O)NC(=O)NC5=O)C(=O)NC(=O)NC4=O)[C@@H]4C=C[C@@H]3C4)C(=O)NC(=O)NC2=O)C(=O)N1,ester,Sigma-Aldrich,diol,286.156,25.6461,63.418,72.8163,0,False,0,True,True,,25.6461,63.418,72.8163,59.92899690909234,3.366797579162491,91.21470117546842,13.03067159649549,98.35372189464921,19.670744378929843,99.97230761830998,14.28175823118714
N#CCCN(CCC#N)S(=O)(=O)c1ccc(N)cc1,N#CCCN(CCC#N)S(=O)(=O)c1ccc(NC(=O)[C@@H]2[C@H](C(=O)Nc3ccc(S(=O)(=O)N(CCC#N)CCC#N)cc3)[C@@H]3C=C[C@@H]2C3)cc1,amide,Sigma-Aldrich,monoamine,278.337,24.5508,63.3392,7.0631,0,False,0,True,True,,24.5508,63.3392,7.0631,61.72768342332312,3.4678473833327597,60.973395680493304,8.71048509721333,65.8334598878868,13.166691977577361,67.99637843892864,9.713768348418379
COC(=O)C1=C(C(=O)OC)SC(=C2C(=S)C(C)(C)Nc3cc(OC)ccc32)S1,COC(=O)C1=C(C(=O)OC)SC(=C2C(=S)C(C)(C)N(C(=O)[C@@H]3[C@H](C(=O)N4c5cc(OC)ccc5C(=C5SC(C(=O)OC)=C(C(=O)OC)S5)C(=S)C4(C)C)[C@@H]4C=C[C@@H]3C4)c3cc(OC)ccc32)S1,amide,Combi-Blocks,monoamine,437.564,28.3568,62.6708,7.0615,0,False,0,True,True,,28.3568,62.6708,7.0615,63.883524322394734,3.5889620405839735,62.4678262776127,8.9239751825161,67.52006857112927,13.504013714225854,70.41331905151183,10.059045578787405
Nc1cccc(S(=O)(=O)N2CCCN(S(=O)(=O)c3ccc4c(c3)OCCO4)CC2)c1,O=C(Nc1cccc(S(=O)(=O)N2CCCN(S(=O)(=O)c3ccc4c(c3)OCCO4)CC2)c1)[C@@H]1[C@H](C(=O)Nc2cccc(S(=O)(=O)N3CCCN(S(=O)(=O)c4ccc5c(c4)OCCO5)CC3)c2)[C@@H]2C=C[C@@H]1C2,amide,Ambeed,monoamine,453.542,32.04,62.0392,11.0859,0,False,0,True,True,,32.04,62.0392,11.0859,64.71641503861288,3.635753653854656,64.98060676424929,9.282943823464183,70.44678782918352,14.089357565836703,73.94526296829298,10.563608995470426
CCOc1ccc2c(c1)C(=C1SC(C(=O)OC)=C(C(=O)OC)S1)C(=S)C(C)(C)N2,CCOc1ccc2c(c1)C(=C1SC(C(=O)OC)=C(C(=O)OC)S1)C(=S)C(C)(C)N2C(=O)[C@@H]1[C@H](C(=O)N2c3ccc(OCC)cc3C(=C3SC(C(=O)OC)=C(C(=O)OC)S3)C(=S)C2(C)C)[C@@H]2C=C[C@@H]1C2,amide,Combi-Blocks,monoamine,451.591,28.0616,60.9906,4.7955,0,False,0,True,True,,28.0616,60.9906,4.7955,63.733168655339895,3.5805150929966234,60.67153094203244,8.667361563147491,65.54533581308436,13.109067162616872,68.45995272310667,9.779993246158096
N#Cc1c(N)nc(SCC(N)=O)c(C#N)c1-c1ccc(OCC2CC2)cc1,N#Cc1c(NC(=O)[C@@H]2[C@H](C(=O)Nc3nc(SCC(N)=O)c(C#N)c(-c4ccc(OCC5CC5)cc4)c3C#N)[C@@H]3C=C[C@@H]2C3)nc(SCC(N)=O)c(C#N)c1-c1ccc(OCC2CC2)cc1,amide,Sigma-Aldrich,monoamine,379.445,29.6993,60.6438,12.9431,2,False,0,True,True,,29.6993,60.6438,12.9431,60.509312820507226,3.3993995966577093,61.98089978380436,8.854414254829194,67.55264079227399,13.510528158454798,70.71844962956979,10.102635661367113
CNS(=O)(=O)c1cc(S(N)(=O)=O)c(Cl)cc1N,CNS(=O)(=O)c1cc(S(N)(=O)=O)c(Cl)cc1NC(=O)[C@@H]1[C@H](C(=O)Nc2cc(Cl)c(S(N)(=O)=O)cc2S(=O)(=O)NC)[C@@H]2C=C[C@@H]1C2,amide,Sigma-Aldrich,monoamine,299.761,26.7269,59.895,17.9983,2,False,0,True,True,,26.7269,59.895,17.9983,54.968325264010005,3.0881081608994383,60.08665161522982,8.58380737360426,65.92594938512453,13.185189877024905,68.54462431387309,9.792089187696154
Nc1c(S(N)(=O)=O)cc(S(N)(=O)=O)c(Cl)c1Cl,NS(=O)(=O)c1cc(S(N)(=O)=O)c(NC(=O)[C@@H]2[C@H](C(=O)Nc3c(S(N)(=O)=O)cc(S(N)(=O)=O)c(Cl)c3Cl)[C@@H]3C=C[C@@H]2C3)c(Cl)c1Cl,amide,Sigma-Aldrich,monoamine,320.179,27.5652,59.849,5.7425,4,False,0,True,True,,27.5652,59.849,5.7425,61.97952735710397,3.481995918938425,59.26032341634662,8.465760488049517,64.20668213986765,12.84133642797353,67.07291399223683,9.581844856033834
O=C1c2cc(S(=O)(=O)NCCCO)ccc2-c2ccc(S(=O)(=O)NCCCO)cc21,O=C1c2cc(S(=O)(=O)NCCCO)ccc2-c2ccc(S(=O)(=O)NCCCOC(=O)[C@@H]3[C@H](C(=O)OCCCNS(=O)(=O)c4ccc5c(c4)C(=O)c4cc(S(=O)(=O)NCCCO)ccc4-5)[C@@H]4C=C[C@@H]3C4)cc21,ester,Sigma-Aldrich,diol,454.526,29.7316,59.2048,16.7789,0,False,0,True,True,,29.7316,59.2048,16.7789,57.68999083454599,3.2410107210419095,61.28039492766018,8.754342132522883,67.14440663592165,13.428881327184332,70.33520755987004,10.047886794267148
CCOc1cc(C2C(C#N)=C(N)SC(N)=C2C#N)ccc1O,CCOc1cc(C2C(C#N)=C(N)SC(N)=C2C#N)ccc1OC(=O)[C@@H]1[C@H](C(=O)Oc2ccc(C3C(C#N)=C(N)SC(N)=C3C#N)cc2OCC)[C@@H]2C=C[C@@H]1C2,ester,Sigma-Aldrich,monoalcohol,314.37,26.2779,59.0312,5.9844,4,False,0,True,True,,26.2779,59.0312,5.9844,60.29228383831549,3.3872069572087353,57.681738968585194,8.2402484240836,62.59975695192434,12.519951390384868,65.25283971169377,9.32183424452768
Nc1cc(Cl)c(S(N)(=O)=O)cc1S(N)(=O)=O,NS(=O)(=O)c1cc(S(N)(=O)=O)c(NC(=O)[C@@H]2[C@H](C(=O)Nc3cc(Cl)c(S(N)(=O)=O)cc3S(N)(=O)=O)[C@@H]3C=C[C@@H]2C3)cc1Cl,amide,Sigma-Aldrich,monoamine,285.734,26.7269,58.883,6.5341,4,False,0,True,True,,26.7269,58.883,6.5341,60.18574936187137,3.3812218742624367,57.81831739379831,8.259759627685472,62.807508518090415,12.561501703618083,65.55087982819148,9.364411404027354
Cc1c(N)c(S(N)(=O)=O)cc(S(N)(=O)=O)c1Cl,Cc1c(Cl)c(S(N)(=O)=O)cc(S(N)(=O)=O)c1NC(=O)[C@@H]1[C@H](C(=O)Nc2c(S(N)(=O)=O)cc(S(N)(=O)=O)c(Cl)c2C)[C@@H]2C=C[C@@H]1C2,amide,Sigma-Aldrich,monoamine,299.761,26.71,58.7948,4.9631,4,False,0,True,True,,26.71,58.7948,4.9631,61.05813138845637,3.430232100475077,57.71723944065586,8.245319920093694,62.56942758768055,12.51388551753611,65.31907277855375,9.331296111221963
Nc1ccc(S(=O)(=O)O)c2cc(S(=O)(=O)O)cc(O)c12,Nc1ccc(S(=O)(=O)O)c2cc(S(=O)(=O)O)cc(OC(=O)[C@@H]3[C@H](C(=O)Oc4cc(S(=O)(=O)O)cc5c(S(=O)(=O)O)ccc(N)c45)[C@@H]4C=C[C@@H]3C4)c12,ester,Combi-Blocks,"monoalcohol,monoamine",319.316,29.3365,58.6492,11.8761,4,False,0,True,True,,29.3365,58.6492,11.8761,59.24831542626338,3.328557046419291,59.75360140485258,8.536228772121797,65.27305524372213,13.054611048744425,68.46797018204937,9.781138597435625
O=S(=O)(NCCCO)c1ccc2c(c1)C(=NO)c1cc(S(=O)(=O)NCCCO)ccc1-2,O=C(OCCCNS(=O)(=O)c1ccc2c(c1)C(=NO)c1cc(S(=O)(=O)NCCCO)ccc1-2)[C@@H]1[C@H](C(=O)OCCCNS(=O)(=O)c2ccc3c(c2)C(=NO)c2cc(S(=O)(=O)NCCCO)ccc2-3)[C@@H]2C=C[C@@H]1C2,ester,Sigma-Aldrich,diol,469.541,29.9678,58.472,6.9141,2,False,0,True,True,,29.9678,58.472,6.9141,62.39632721699251,3.5054116414040735,59.76892411755461,8.53841773107923,64.91544184683642,12.983088369367284,68.26043678566671,9.751490969380958
COC(=O)C1=C(C(=O)OC)SC(=C2C(=S)C(C)(C)Nc3ccccc32)S1,COC(=O)C1=C(C(=O)OC)SC(=C2C(=S)C(C)(C)N(C(=O)[C@@H]3[C@H](C(=O)N4c5ccccc5C(=C5SC(C(=O)OC)=C(C(=O)OC)S5)C(=S)C4(C)C)[C@@H]4C=C[C@@H]3C4)c3ccccc32)S1,amide,Combi-Blocks,monoamine,407.538,28.0961,58.4104,4.7883,0,False,0,True,True,,28.0961,58.4104,4.7883,61.97109492247172,3.4815221866557144,58.27459931985805,8.324942759979722,63.17669305914959,12.63533861182992,66.20318894048836,9.457598420069766
Nc1cc(S(=O)(=O)O)c2cc([N+](=O)[O-])cc(S(=O)(=O)O)c2c1,O=C(Nc1cc(S(=O)(=O)O)c2cc([N+](=O)[O-])cc(S(=O)(=O)O)c2c1)[C@@H]1[C@H](C(=O)Nc2cc(S(=O)(=O)O)c3cc([N+](=O)[O-])cc(S(=O)(=O)O)c3c2)[C@@H]2C=C[C@@H]1C2,amide,Sigma-Aldrich,monoamine,348.314,28.072,58.4026,7.1767,10,False,0,True,True,,28.072,58.4026,7.1767,60.529723488960364,3.4005462634247396,58.27006663502282,8.32429523357469,63.37735120411707,12.675470240823413,66.3894739070133,9.484210558144756
COC(=O)C1=C(C(=O)OC)SC(=C2C(=S)C(C)(C)Nc3ccc(C)cc32)S1,COC(=O)C1=C(C(=O)OC)SC(=C2C(=S)C(C)(C)N(C(=O)[C@@H]3[C@H](C(=O)N4c5ccc(C)cc5C(=C5SC(C(=O)OC)=C(C(=O)OC)S5)C(=S)C4(C)C)[C@@H]4C=C[C@@H]3C4)c3ccc(C)cc32)S1,amide,Combi-Blocks,monoamine,421.565,28.0803,58.3222,3.2173,0,False,0,True,True,,28.0803,58.3222,3.2173,62.862404062285115,3.5315957338362423,58.22134354762006,8.317334792517151,62.98358440490665,12.59671688098133,66.0154871563484,9.430783879478343
COC(=O)C1=C(C(=O)OC)SC(=C2C(=S)C(C)(C)Nc3cc(C)c(C)cc32)S1,COC(=O)C1=C(C(=O)OC)SC(=C2C(=S)C(C)(C)N(C(=O)[C@@H]3[C@H](C(=O)N4c5cc(C)c(C)cc5C(=C5SC(C(=O)OC)=C(C(=O)OC)S5)C(=S)C4(C)C)[C@@H]4C=C[C@@H]3C4)c3cc(C)c(C)cc32)S1,amide,Combi-Blocks,monoamine,435.592,28.0646,58.234,4.0182,0,False,0,True,True,,28.0646,58.234,4.0182,62.2951335168326,3.4997266020692472,58.10187036473095,8.300267194961565,62.936221207504985,12.587244241500997,65.9668736554947,9.4238390936421
Nc1ccc(C=Cc2ccc([N+](=O)[O-])cc2S(=O)(=O)O)c(S(=O)(=O)O)c1,O=C(Nc1ccc(C=Cc2ccc([N+](=O)[O-])cc2S(=O)(=O)O)c(S(=O)(=O)O)c1)[C@@H]1[C@H](C(=O)Nc2ccc(C=Cc3ccc([N+](=O)[O-])cc3S(=O)(=O)O)c(S(=O)(=O)O)c2)[C@@H]2C=C[C@@H]1C2,amide,Thermo Fisher Scientific,monoamine,400.39,28.9233,58.0436,4.0109,10,False,0,True,True,,28.9233,58.0436,4.0109,62.88449261407776,3.5328366637122333,58.55474405485861,8.364963436408372,63.423478549587614,12.684695709917523,66.61778044433782,9.516825777762547
Nc1ccc(S(=O)(=O)O)cc1S(=O)(=O)O,O=C(Nc1ccc(S(=O)(=O)O)cc1S(=O)(=O)O)[C@@H]1[C@H](C(=O)Nc2ccc(S(=O)(=O)O)cc2S(=O)(=O)O)[C@@H]2C=C[C@@H]1C2,amide,Ambeed,monoamine,253.257,25.8495,57.917,7.3257,4,False,0,True,True,,25.8495,57.917,7.3257,58.3839459996496,3.2799969662724493,56.394567739189206,8.056366819884172,61.423257569832614,12.284651513966523,64.02876049471831,9.14696578495976
CCc1ccc2c(c1)C(=C1SC(C(=O)OC)=C(C(=O)OC)S1)C(=S)C(C)(C)N2,CCc1ccc2c(c1)C(=C1SC(C(=O)OC)=C(C(=O)OC)S1)C(=S)C(C)(C)N2C(=O)[C@@H]1[C@H](C(=O)N2c3ccc(CC)cc3C(=C3SC(C(=O)OC)=C(C(=O)OC)S3)C(=S)C2(C)C)[C@@H]2C=C[C@@H]1C2,amide,Combi-Blocks,monoamine,435.592,27.6346,57.8796,3.5479,0,False,0,True,True,,27.6346,57.8796,3.5479,62.00500156608336,3.4834270542743457,57.484653075494855,8.212093296499265,62.261772535079665,12.452354507015933,65.22886477020737,9.318409252886767
Cc1cc(N)c(S(N)(=O)=O)cc1S(N)(=O)=O,Cc1cc(NC(=O)[C@@H]2[C@H](C(=O)Nc3cc(C)c(S(N)(=O)=O)cc3S(N)(=O)=O)[C@@H]3C=C[C@@H]2C3)c(S(N)(=O)=O)cc1S(N)(=O)=O,amide,Sigma-Aldrich,monoamine,265.316,25.8317,57.8288,5.7547,4,False,0,True,True,,25.8317,57.8288,5.7547,59.26367826156253,3.3294201270540746,56.27089088587456,8.03869869798208,61.161261441291416,12.232252288258284,63.77344949969384,9.110492785670548
N#CC(C#N)=C(C#N)c1ccc(N(CCO)CCO)cc1,N#CC(C#N)=C(C#N)c1ccc(N(CCO)CCOC(=O)[C@@H]2[C@H](C(=O)OCCN(CCO)c3ccc(C(C#N)=C(C#N)C#N)cc3)[C@@H]3C=C[C@@H]2C3)cc1,ester,Sigma-Aldrich,"diol,monoamine",282.303,25.1126,57.7878,11.4861,0,False,0,True,True,,25.1126,57.7878,11.4861,55.365377060849134,3.1104144416207378,56.157144310319055,8.022449187188437,61.498032465193546,12.29960649303871,63.93473920405087,9.133534172007268
COc1ccc2c(c1)N(C)/C(=C1\SC(=S)N(N)C1=O)S2,COc1ccc2c(c1)N(C)/C(=C1\SC(=S)N(NC(=O)[C@@H]3[C@H](C(=O)NN4C(=O)/C(=C5\Sc6ccc(OC)cc6N5C)SC4=S)[C@@H]4C=C[C@@H]3C4)C1=O)S2,amide,Sigma-Aldrich,monoamine,325.44,29.2938,57.181,18.9967,0,False,0,True,True,,29.2938,57.181,18.9967,54.772203038128744,3.0770900583218395,59.577307975856044,8.511043996550864,65.61933195065308,13.123866390130615,68.78923001204477,9.827032858863538
N#CCOC(=O)c1cc(S(N)(=O)=O)c(Cl)cc1N,N#CCOC(=O)c1cc(S(N)(=O)=O)c(Cl)cc1NC(=O)[C@@H]1[C@H](C(=O)Nc2cc(Cl)c(S(N)(=O)=O)cc2C(=O)OCC#N)[C@@H]2C=C[C@@H]1C2,amide,Sigma-Aldrich,monoamine,289.7,25.585,56.9874,8.1385,2,False,0,True,True,,25.585,56.9874,8.1385,57.04212426803546,3.20461372292334,55.386447990550906,7.9123497129358435,60.48672450224098,12.097344900448196,63.07053068597092,9.01007581228156
COc1ccc(S(=O)(=O)NCCCC(=O)Nc2ccc(Sc3ccc(N)cc3)cc2)cc1,COc1ccc(S(=O)(=O)NCCCC(=O)Nc2ccc(Sc3ccc(NC(=O)[C@@H]4[C@H](C(=O)Nc5ccc(Sc6ccc(NC(=O)CCCNS(=O)(=O)c7ccc(OC)cc7)cc6)cc5)[C@@H]5C=C[C@@H]4C5)cc3)cc2)cc1,amide,Sigma-Aldrich,monoamine,471.604,30.4895,56.3122,10.0473,0,False,0,True,True,,30.4895,56.3122,10.0473,59.69966974054379,3.3539140303676285,58.410703532229434,8.34438621888992,63.85436357156807,12.770872714313615,67.36376880141134,9.623395543058763
Nc1ccc(S(=O)(=O)CCOS(=O)(=O)O)cc1,O=C(Nc1ccc(S(=O)(=O)CCOS(=O)(=O)O)cc1)[C@@H]1[C@H](C(=O)Nc2ccc(S(=O)(=O)CCOS(=O)(=O)O)cc2)[C@@H]2C=C[C@@H]1C2,amide,Ambeed,monoamine,281.311,25.4116,56.2288,5.9109,2,False,0,True,True,,25.4116,56.2288,5.9109,57.753633708105326,3.2445861633767037,54.49970611379478,7.785672301970683,59.402876247619524,11.880575249523904,61.99157835133737,8.855939764476767
Nc1ccc(S(=O)(=O)N2CCS(=O)(=O)CC2)cc1,O=C(Nc1ccc(S(=O)(=O)N2CCS(=O)(=O)CC2)cc1)[C@@H]1[C@H](C(=O)Nc2ccc(S(=O)(=O)N3CCS(=O)(=O)CC3)cc2)[C@@H]2C=C[C@@H]1C2,amide,Sigma-Aldrich,monoamine,290.366,27.6425,55.8266,8.2169,0,False,0,True,True,,27.6425,55.8266,8.2169,57.77176644495128,3.245604856457937,55.59903378809744,7.9427191125853485,60.817233891143054,12.16344677822861,63.85326881350711,9.12189554478673
Nc1ccc(S(=O)(=O)O)c2cc(S(=O)(=O)O)ccc12,O=C(Nc1ccc(S(=O)(=O)O)c2cc(S(=O)(=O)O)ccc12)[C@@H]1[C@H](C(=O)Nc2ccc(S(=O)(=O)O)c3cc(S(=O)(=O)O)ccc23)[C@@H]2C=C[C@@H]1C2,amide,Sigma-Aldrich,monoamine,303.317,27.5721,55.7162,6.7765,4,False,0,True,True,,27.5721,55.7162,6.7765,58.49989733606376,3.2865110862957168,55.39425771982147,7.913465388545924,60.48517874926055,12.09703574985211,63.5211250556065,9.074446436515213
COC(=O)c1cc(SC#N)c(N)cc1OC,COC(=O)c1cc(SC#N)c(NC(=O)[C@@H]2[C@H](C(=O)Nc3cc(OC)c(C(=O)OC)cc3SC#N)[C@@H]3C=C[C@@H]2C3)cc1OC,amide,Ambeed,monoamine,238.268,25.1228,55.4274,11.1211,0,False,0,True,True,,25.1228,55.4274,11.1211,53.82412837501412,3.023827436798546,53.86244810004462,7.694635442863516,59.22197848206356,11.844395696412713,61.750946351695696,8.821563764527957
O=S(=O)(CCO)CCS(=O)(=O)CCO,O=C(OCCS(=O)(=O)CCS(=O)(=O)CCO)[C@@H]1[C@H](C(=O)OCCS(=O)(=O)CCS(=O)(=O)CCO)[C@@H]2C=C[C@@H]1C2,ester,Ambeed,diol,246.306,22.4908,54.2396,16.6345,0,False,0,True,True,,22.4908,54.2396,16.6345,48.129720931769384,2.703916906279179,52.40292775189189,7.486132535984555,58.06844941076005,11.613689882152011,60.01732963878016,8.57390423411145
N#Cc1c(N)sc2c1CCS(=O)(=O)C2,N#Cc1c(NC(=O)[C@@H]2[C@H](C(=O)Nc3sc4c(c3C#N)CCS(=O)(=O)C4)[C@@H]3C=C[C@@H]2C3)sc2c1CCS(=O)(=O)C2,amide,Ambeed,monoamine,228.298,26.1779,54.1222,8.8119,2,False,0,True,True,,26.1779,54.1222,8.8119,55.052930604010534,3.0928612698882323,53.04710065677482,7.5781572366821175,58.28510742968567,11.657021485937133,61.10218709743539,8.728883871062198
C=CS(=O)(=O)CC(O)CS(=O)(=O)C=C,C=CS(=O)(=O)CC(CS(=O)(=O)C=C)OC(=O)[C@@H]1[C@H](C(=O)OC(CS(=O)(=O)C=C)CS(=O)(=O)C=C)[C@@H]2C=C[C@@H]1C2,ester,Ambeed,monoalcohol,240.302,22.7295,54.0068,4.2389,8,False,0,True,True,,22.7295,54.0068,4.2389,55.69763783545941,3.1290807772730003,51.08308585481108,7.29758369354444,55.67815191302599,11.135630382605198,57.76734545095525,8.252477921565035
NS(=O)(=O)c1ccc2c(c1)C(=NNc1ccccc1)c1cc(S(N)(=O)=O)ccc1-2,NS(=O)(=O)c1ccc2c(c1)C(=NN(C(=O)[C@@H]1[C@H](C(=O)N(N=C3c4cc(S(N)(=O)=O)ccc4-c4ccc(S(N)(=O)=O)cc43)c3ccccc3)[C@@H]3C=C[C@@H]1C3)c1ccccc1)c1cc(S(N)(=O)=O)ccc1-2,amide,Sigma-Aldrich,monoamine,428.495,30.3092,53.8738,3.906,4,False,0,True,True,,30.3092,53.8738,3.906,61.52864033114985,3.45666518714325,55.9092287641316,7.987032680590228,60.849600664260734,12.169920132852146,64.482391867858,9.211770266836856
Nc1ccc(S(=O)(=O)Nc2ccc(S(=O)(=O)O)cc2)cc1,O=C(Nc1ccc(S(=O)(=O)Nc2ccc(S(=O)(=O)O)cc2)cc1)[C@@H]1[C@H](C(=O)Nc2ccc(S(=O)(=O)Nc3ccc(S(=O)(=O)O)cc3)cc2)[C@@H]2C=C[C@@H]1C2,amide,Sigma-Aldrich,monoamine,328.371,27.7469,53.6782,3.4611,4,False,0,True,True,,27.7469,53.6782,3.4611,59.397417005203174,3.3369335396181556,53.64503319870349,7.663576171243355,58.45899799765644,11.691799599531288,61.635745853279005,8.805106550468428
NS(=O)(=O)c1cc2c(c(Cl)c1Cl)NCNS2(=O)=O,NS(=O)(=O)c1cc2c(c(Cl)c1Cl)N(C(=O)[C@@H]1[C@H](C(=O)N3CNS(=O)(=O)c4cc(S(N)(=O)=O)c(Cl)c(Cl)c43)[C@@H]3C=C[C@@H]1C3)CNS2(=O)=O,amide,Ambeed,monoamine,332.19,29.6171,53.5244,6.0329,2,False,0,True,True,,29.6171,53.5244,6.0329,59.33424969956222,3.333384814582147,54.96763108785024,7.852518726835749,60.08858366952911,12.017716733905822,63.60825706942457,9.086893867060652
N#CCc1c(C#N)c(N)nc(Cl)c1C#N,N#CCc1c(C#N)c(Cl)nc(NC(=O)[C@@H]2[C@H](C(=O)Nc3nc(Cl)c(C#N)c(CC#N)c3C#N)[C@@H]3C=C[C@@H]2C3)c1C#N,amide,Ambeed,monoamine,217.619,25.0936,53.446,5.5045,2,False,0,True,True,,25.0936,53.446,5.5045,55.89508368443507,3.1401732406985996,51.64874190229612,7.3783917003280175,56.53391937668925,11.30678387533785,59.17076744550471,8.452966777929245
Nc1cc(S(=O)(=O)O)cc2cc(S(=O)(=O)O)cc(O)c12,O=C(Nc1cc(S(=O)(=O)O)cc2cc(S(=O)(=O)O)cc(O)c12)[C@@H]1[C@H](C(=O)Nc2cc(S(=O)(=O)O)cc3cc(S(=O)(=O)O)cc(O)c23)[C@@H]2C=C[C@@H]1C2,amide,Sigma-Aldrich,"monoalcohol,monoamine",319.316,28.4416,53.2936,22.2953,4,False,0,True,True,,28.4416,53.2936,22.2953,49.60786898557526,2.7869589317738908,56.3452253992297,8.04931791417567,62.66547698126936,12.533095396253872,65.79118546803971,9.39874078114853
NS(=O)(=O)c1cccc(CNCc2cccc(S(N)(=O)=O)c2)c1,NS(=O)(=O)c1cccc(CN(Cc2cccc(S(N)(=O)=O)c2)C(=O)[C@@H]2[C@H](C(=O)N(Cc3cccc(S(N)(=O)=O)c3)Cc3cccc(S(N)(=O)=O)c3)[C@@H]3C=C[C@@H]2C3)c1,amide,Ambeed,monoamine,355.441,27.6042,53.2214,1.311,4,False,0,True,True,,27.6042,53.2214,1.311,60.42828286092531,3.3948473517373765,53.24131449842312,7.605902071203303,57.83922448926853,11.567844897853707,61.014562602054276,8.716366086007755
O=S(=O)(CCO)CCCCS(=O)(=O)CCO,O=C(OCCS(=O)(=O)CCCCS(=O)(=O)CCO)[C@@H]1[C@H](C(=O)OCCS(=O)(=O)CCCCS(=O)(=O)CCO)[C@@H]2C=C[C@@H]1C2,ester,Sigma-Aldrich,diol,274.36,22.5265,52.9832,15.0837,0,False,0,True,True,,22.5265,52.9832,15.0837,48.02052557948527,2.697782335926139,50.89564850682227,7.270806929546039,56.478444533556335,11.295688906711266,58.4891263136149,8.355589473373557
NS(=O)(=O)c1cc2c(cc1Cl)NCNS2(=O)=O,NS(=O)(=O)c1cc2c(cc1Cl)N(C(=O)[C@@H]1[C@H](C(=O)N3CNS(=O)(=O)c4cc(S(N)(=O)=O)c(Cl)cc43)[C@@H]3C=C[C@@H]1C3)CNS2(=O)=O,amide,Sigma-Aldrich,monoamine,297.745,28.863,52.5584,6.8245,2,False,0,True,True,,28.863,52.5584,6.8245,57.52657461391213,3.2318300344894455,53.46918801337832,7.638455430482617,58.653858243171015,11.730771648634203,62.080024861544636,8.868574980220663
O=S(=O)(O)c1cc(S(=O)(=O)O)c(O)cc1O,O=C(Oc1cc(O)c(S(=O)(=O)O)cc1S(=O)(=O)O)[C@@H]1[C@H](C(=O)Oc2cc(O)c(S(=O)(=O)O)cc2S(=O)(=O)O)[C@@H]2C=C[C@@H]1C2,ester,Oakwood Products,diol,270.24,26.2461,52.4424,18.5549,4,False,0,True,True,,26.2461,52.4424,18.5549,48.51590412029853,2.7256125910280073,53.02962787546222,7.5756611250660315,59.07782369561357,11.815564739122713,61.87468733343224,8.839241047633177
